YLQPRTFLL,CASSSDIQQFF,1
YLQPRTFLL,CASMDQNTGELFF,1
RLQSLQTYV,CVRQDRNTGELFF,1
YLQPRTFLL,CASSHTNTGELFF,1
YLQPRTFLL,CSARDSRAQNTGELFF,1
YLQPRTFLL,CASSLVAGGNTGELFF,1
YLQPRTFLL,CASSPDIVAFF,1
YLQPRTFLL,CASSDLNSGEQYF,1
YLQPRTFLL,CAAQNLNTGELFF,1
YLQPRTFLL,CATQVDQNTGELFF,1
YLQPRTFLL,CASSELNTGELFF,1
YLQPRTFLL,CASIGLNTGELFF,1
YLQPRTFLL,CATSGAETHNTGELFF,1
YLQPRTFLL,CASTQDIEAFF,1
YLQPRTFLL,CSARDVEGMNTGELFF,1
YLQPRTFLL,CAWSLLNDLEAFF,1
YLQPRTFLL,CASSLTGGGNTGELFF,1
YLQPRTFLL,CSVGTLNTGELFF,1
YLQPRTFLL,CASSPPGAGNTGELFF,1
YLQPRTFLL,CAPQDLDTGELFF,1
YLQPRTFLL,CSARDEAGQNTGELFF,1
YLQPRTFLL,CALWKGGRENTGELFF,1
YLQPRTFLL,CASTELNGGTQYF,1
YLQPRTFLL,CASSDQNGNIQYF,1
RLQSLQTYV,CATSGGTGHQPQHF,1
YLQPRTFLL,CAGGDSNTGELFF,1
YLQPRTFLL,CAMQEMNTGELFF,1
YLQPRTFLL,CACQELNTGELFF,1
YLQPRTFLL,CASSFLAGGNTGELFF,1
YLQPRTFLL,CSVEEQNTGELFF,1
YLQPRTFLL,CATEDRNTGELFF,1
YLQPRTFLL,CATQGPSEINTGELFF,1
YLQPRTFLL,CASSADIQQYF,1
YLQPRTFLL,CASSPLGGGNTGELFF,1
YLQPRTFLL,CAIQYANTGELFF,1
YLQPRTFLL,CASSPDIEDFF,1
RLQSLQTYV,CSASPPGTSVNNEQFF,1
YLQPRTFLL,CASSSQNTGELFF,1
YLQPRTFLL,CAPGDLNTGELFF,1
YLQPRTFLL,CSARGGQGQNTGELFF,1
YLQPRTFLL,CASSLGTGGDLHF,1
YLQPRTFLL,CALLLDWDTGELFF,1
YLQPRTFLL,CSARDYRQTNTGELFF,1
YLQPRTFLL,CASSLEIEAFF,1
YLQPRTFLL,CASSLVPEEQYF,1
YLQPRTFLL,CANRDTDTQYF,1
RLQSLQTYV,CASRGEQGYQETQYF,1
YLQPRTFLL,CASPEANTGELFF,1
YLQPRTFLL,CALGEPNTGELFF,1
YLQPRTFLL,CASSDDIEAFF,1
YLQPRTFLL,CASSDLDTGELFF,1
RLQSLQTYV,CSALTPALAGGVPETQYF,1
YLQPRTFLL,CSARDERAVNTGELFF,1
YLQPRTFLL,CAPTPDQNTGELFF,1
YLQPRTFLL,CASSPLVSRNTGELFF,1
YLQPRTFLL,CASSDTTRQNTGELFF,1
YLQPRTFLL,CASSEANTGELFF,1
YLQPRTFLL,CASGEENTGELFF,1
YLQPRTFLL,CASSNSYGYTF,1
YLQPRTFLL,CASSVDNTGELFF,1
YLQPRTFLL,CSARDEVAHNTGELFF,1
YLQPRTFLL,CASSGLNTGELFF,1
YLQPRTFLL,CASEDRNTGELFF,1
YLQPRTFLL,CATQDRNTGELFF,1
YLQPRTFLL,CATGSANTGELFF,1
YLQPRTFLL,CAIGDRSSGEQYF,1
YLQPRTFLL,CASSDGNTGELFF,1
RLQSLQTYV,CASSVPGDNEQYV,1
YLQPRTFLL,CAGGRGNTGELFF,1
YLQPRTFLL,CASRGGAELNTGELFF,1
YLQPRTFLL,CSARTGDDWNTGELFF,1
YLQPRTFLL,CASSSDIEAFF,1
YLQPRTFLL,CATQDVNTGELFF,1
YLQPRTFLL,CSVLEMNTGELFF,1
YLQPRTFLL,CAVLAEQNTGELFF,1
YLQPRTFLL,CSARTDHNTGELFF,1
YLQPRTFLL,CSARDDQAVNTGELFF,1
YLQPRTFLL,CSARDHKAMNTGELFF,1
YLQPRTFLL,CASSSQNTAEAFF,1
YLQPRTFLL,CSARDQYRMNTGELFF,1
YLQPRTFLL,CASSWDIEAFF,1
YLQPRTFLL,CASSEGTSGEQYF,1
YLQPRTFLL,CASSDLNTGELFF,1
YLQPRTFLL,CASSEGLGGEQYF,1
YLQPRTFLL,CATMDDLNSGELFF,1
YLQPRTFLL,CSARGWGNEANTGELFF,1
YLQPRTFLL,CAAQDSNTGELFF,1
YLQPRTFLL,CASLSQNTGELFF,1
YLQPRTFLL,CSARDWEQMNTGELFF,1
YLQPRTFLL,CASSLDILAFF,1
YLQPRTFLL,CSAGDRNTGELFF,1
YLQPRTFLL,CASSVQNTGELFF,1
YLQPRTFLL,CASTGLNTGELFF,1
YLQPRTFLL,CASSPLAGGNTGELFF,1
YLQPRTFLL,CASSLDVEQYF,1
YLQPRTFLL,CASSIIGGGNTGELFF,1
YLQPRTFLL,CASSEIGGGNTGELFF,1
YLQPRTFLL,CASSNSFGYTF,1
YLQPRTFLL,CASSELGGGNTGELFF,1
YLQPRTFLL,CALFRDRNTGELFF,1
YLQPRTFLL,CASGPDLGYTF,1
YLQPRTFLL,CSARDGTGWNTGELFF,1
YLQPRTFLL,CASQYSNTGELFF,1
YLQPRTFLL,CASSLVQGGNTGELFF,1
YLQPRTFLL,CATTDLNTGELFF,1
YLQPRTFLL,CASTDLDTGELFF,1
YLQPRTFLL,CASRSRVEQNTGELFF,1
YLQPRTFLL,CAITDLNTGELFF,1
YLQPRTFLL,CASGDLDSIEAFF,1
YLQPRTFLL,CASSDTNTGELFF,1
YLQPRTFLL,CAGGVNPNTGELFF,1
YLQPRTFLL,CSARGESDQNTGELFF,1
YLQPRTFLL,CSARDQAAQNTGELFF,1
YLQPRTFLL,CASSVPDRANTGELFF,1
YLQPRTFLL,CSARDSKGNGWNTGELFF,1
YLQPRTFLL,CASQEANTGELFF,1
YLQPRTFLL,CASSPDIEQYF,1
YLQPRTFLL,CAARDQRDLNTGELFF,1
YLQPRTFLL,CASSPTAGGNTGELFF,1
YLQPRTFLL,CASGTLNSLVAFF,1
YLQPRTFLL,CAWSLAGMGETQYF,1
YLQPRTFLL,CSARDPPRVNTGELFF,1
YLQPRTFLL,CSARDQPGQNTGELFF,1
YLQPRTFLL,CASGEGNTGELFF,1
YLQPRTFLL,CASSPDSEQYF,1
YLQPRTFLL,CASGEANTGELFF,1
YLQPRTFLL,CAIQDLNTGELFF,1
YLQPRTFLL,CASNHANTGELFF,1
YLQPRTFLL,CASGDLSSGEQYF,1
YLQPRTFLL,CATQAVNTGELFF,1
YLQPRTFLL,CASSPLNGGNTGELFF,1
YLQPRTFLL,CASSPDIACTF,1
YLQPRTFLL,CASRPTGLAENTGELFF,1
YLQPRTFLL,CATQGLNTGELFF,1
YLQPRTFLL,CASGDENTGELFF,1
YLQPRTFLL,CSARDQWAANTGELFF,1
YLQPRTFLL,CSGWQPQHF,1
YLQPRTFLL,CATSEENTGELFF,1
YLQPRTFLL,CATQRTNTGELFF,1
YLQPRTFLL,CSARDSVAVNTGELFF,1
YLQPRTFLL,CASSDSEGHNTGELFF,1
RLQSLQTYV,CAWSAGQGMNTEAFF,1
YLQPRTFLL,CATSDLDSGELFF,1
YLQPRTFLL,CASGGTNTGELFF,1
YLQPRTFLL,CASREGNTGELFF,1
YLQPRTFLL,CASTSLNTGELFF,1
YLQPRTFLL,CASQDSNTGELFF,1
YLQPRTFLL,CASMEENTGELFF,1
YLQPRTFLL,CSARDAVAANTGELFF,1
YLQPRTFLL,CSARDHRGANTGELFF,1
YLQPRTFLL,CASTDMNTGELFF,1
YLQPRTFLL,CASSLDSEQFF,1
YLQPRTFLL,CATMPDRNTGELFF,1
YLQPRTFLL,CATEYTNTGELFF,1
YLQPRTFLL,CASRDIHQQNTGELFF,1
YLQPRTFLL,CASSEWIQETQYF,1
YLQPRTFLL,CATQGWDTGELFF,1
YLQPRTFLL,CASQDQNTGELFF,1
YLQPRTFLL,CASQQANTGELFF,1
YLQPRTFLL,CSAEPGTSGRDDLTQYF,1
YLQPRTFLL,CASNPPPGDSENTGELFF,1
YLQPRTFLL,CSARDLAGENTGELFF,1
YLQPRTFLL,CARGESNTGELFF,1
YLQPRTFLL,CASNELNTGELFF,1
YLQPRTFLL,CASSSLNTGELFF,1
YLQPRTFLL,CASSEMNTGELFF,1
YLQPRTFLL,CASRRGFEQYF,1
YLQPRTFLL,CATLAEMNTGELFF,1
YLQPRTFLL,CAAQATNTGELFF,1
YLQPRTFLL,CASNSQNTGELFF,1
YLQPRTFLL,CASTRDIEAFF,1
YLQPRTFLL,CSARGGLSQNTGELFF,1
YLQPRTFLL,CSARDGWDHNTGELFF,1
YLQPRTFLL,CATLVDLNTGELFF,1
YLQPRTFLL,CSARDDRAQNTGELFF,1
YLQPRTFLL,CASNNQNTGELFF,1
YLQPRTFLL,CASSARNSIEAFF,1
RLQSLQTYV,CASSPPTSGTANEQFF,1
YLQPRTFLL,CASSPDIQAFF,1
YLQPRTFLL,CASQATNTGELFF,1
YLQPRTFLL,CASSDLDGGEAFF,1
RLQSLQTYV,CAWSGGQIMNTEAFF,1
YLQPRTFLL,CAAQMTNTGELFF,1
YLQPRTFLL,CASSPDITQYF,1
YLQPRTFLL,CATTGNWNTGELFF,1
YLQPRTFLL,CSARDLAAQNTGELFF,1
YLQPRTFLL,CSARVGERAVNTGELFF,1
YLQPRTFLL,CASSPEIEAFF,1
YLQPRTFLL,CANQDSNTGELFF,1
YLQPRTFLL,CASQLMNTGELFF,1
YLQPRTFLL,CAIGDRNTGELFF,1
YLQPRTFLL,CASSPDIEQFF,1
YLQPRTFLL,CSARDGQGMNTGELFF,1
YLQPRTFLL,CSAGQRNTGELFF,1
RLQSLQTYV,CASSQDEYNTGELFF,1
YLQPRTFLL,CASGTQNTGELFF,1
YLQPRTFLL,CSARSRQGQNTGELFF,1
YLQPRTFLL,CASSPDGEQYF,1
RLQSLQTYV,CASSQDWRAGAYNEQFF,1
YLQPRTFLL,CASSERNSLEAFF,1
YLQPRTFLL,CASYDLNTGELFF,1
YLQPRTFLL,CSAHGDLNTGELFF,1
YLQPRTFLL,CARGDQNTGELFF,1
YLQPRTFLL,CASGRQNTGELFF,1
RLQSLQTYV,CASSPGTGWAEAFF,1
YLQPRTFLL,CASIDENTGELFF,1
YLQPRTFLL,CASSDGTSNEQYF,1
YLQPRTFLL,CAGGDPNTGELFF,1
YLQPRTFLL,CATSTENTGELFF,1
YLQPRTFLL,CATGGLNTGELFF,1
YLQPRTFLL,CANQDRTSGELFF,1
YLQPRTFLL,CASSNANTGELFF,1
YLQPRTFLL,CAGQDLNTGELFF,1
YLQPRTFLL,CASGTANTGELFF,1
YLQPRTFLL,CANQDANTGELFF,1
YLQPRTFLL,CAKGTANTGELFF,1
YLQPRTFLL,CAIADANTGELFF,1
YLQPRTFLL,CATHELNTGELFF,1
RLQSLQTYV,CASSYEKGIMNTEAFF,1
YLQPRTFLL,CSARDLGRGWNTGELFF,1
YLQPRTFLL,CARERDRNTGELFF,1
YLQPRTFLL,CASSQDIEAFF,1
YLQPRTFLL,CAIGDENTGELFF,1
YLQPRTFLL,CASSPTAGGDTGELFF,1
YLQPRTFLL,CASSQTESTDTQYF,1
YLQPRTFLL,CAYQEVNTGELFF,1
YLQPRTFLL,CASSPEDTQYF,1
YLQPRTFLL,CASQDRNTGELFF,1
YLQPRTFLL,CAWSVVTDEHNEQFF,1
YLQPRTFLL,CASSDLSTGELFF,1
YLQPRTFLL,CANGKANTGELFF,1
YLQPRTFLL,CASNNLNTGELFF,1
YLQPRTFLL,CSVAGFLAVYNEQFF,1
YLQPRTFLL,CSARDGPGVNTGELFF,1
YLQPRTFLL,CASSDDNTGELFF,1
YLQPRTFLL,CASSSDIEQFF,1
YLQPRTFLL,CASSLDIETYF,1
YLQPRTFLL,CASSASYYEQYF,1
YLQPRTFLL,CASSPPGGGNTGELFF,1
YLQPRTFLL,CASMTHNTGELFF,1
YLQPRTFLL,CSARDAEGQNTGELFF,1
YLQPRTFLL,CALGSSNTGELFF,1
RLQSLQTYV,CASSELLAGGLETQYF,1
YLQPRTFLL,CSARGLAGSNTGELFF,1
YLQPRTFLL,CSARDFNSWNTGELFF,1
YLQPRTFLL,CASSTLNSLEAFF,1
YLQPRTFLL,CSARDGLAQNTGELFF,1
YLQPRTFLL,CASQGLNTGELFF,1
YLQPRTFLL,CASSADIEQFF,1
YLQPRTFLL,CSVGDRNNLELFF,1
YLQPRTFLL,CASSDIDTGELFF,1
RLQSLQTYV,CASSLGTGYQPQHF,1
RLQSLQTYV,CASSQGDGANVLTF,1
YLQPRTFLL,CASSNSLGGYTF,1
YLQPRTFLL,CASGDDNTGELFF,1
YLQPRTFLL,CALGDLNTGELFF,1
YLQPRTFLL,CATQDANTGELFF,1
YLQPRTFLL,CAGQNLNTGELFF,1
YLQPRTFLL,CASSTDIEAFF,1
YLQPRTFLL,CAYLEANSYEQYF,1
YLQPRTFLL,CAGQRANTGELFF,1
YLQPRTFLL,CASSQRNDLKAFF,1
YLQPRTFLL,CSVDADHNTGELFF,1
YLQPRTFLL,CASSPDIEAFF,1
YLQPRTFLL,CASTPLNTGELFF,1
YLQPRTFLL,CASSESNTGELFF,1
YLQPRTFLL,CAWSVLAGGNTGELFF,1
RLQSLQTYV,CASSILAGAADTQYF,1
YLQPRTFLL,CASLRDMNTGELFF,1
YLQPRTFLL,CATQNLNTGELFF,1
YLQPRTFLL,CASQNENTGELFF,1
YLQPRTFLL,CAIQESNTGELFF,1
RLQSLQTYV,CASSLGGAGGADTQYF,1
RLQSLQTYV,CATYIGNTGELFF,1
YLQPRTFLL,CASSDSYGYTF,1
YLQPRTFLL,CSVEEDRNTGELFF,1
YLQPRTFLL,CASSPVGGGNTGELFF,1
YLQPRTFLL,CASIDQNTGELFF,1
YLQPRTFLL,CASIPDRNTGELFF,1
YLQPRTFLL,CAWSDHNSKELFF,1
YLQPRTFLL,CAASDPNTGELFF,1
YLQPRTFLL,CARQDTNTGELFF,1
YLQPRTFLL,CASSELAGGNTGELFF,1
YLQPRTFLL,CSCGNANTGELFF,1
YLQPRTFLL,CASSQDIEQYV,1
YLQPRTFLL,CATEDLNTGELFF,1
YLQPRTFLL,CASSYQNTGELFF,1
YLQPRTFLL,CASSYRNSLEQFF,1
YLQPRTFLL,CASSDMNTGELFF,1
RLQSLQTYV,CASTWGRASTDTQYF,1
RLQSLQTYV,CASTDRDTETQYF,1
YLQPRTFLL,CASSSVNNNEQFF,1
YLQPRTFLL,CASSLGLYGEQYF,1
YLQPRTFLL,CAVQDSNTGELFF,1
YLQPRTFLL,CASSDLTGGEAFF,1
YLQPRTFLL,CASSDLDNLVAFF,1
YLQPRTFLL,CASRGLAEQNTGELFF,1
YLQPRTFLL,CASSPDMNTGELFF,1
YLQPRTFLL,CSARDGLAMNTGELFF,1
YLQPRTFLL,CASSGTNQNIQYF,1
YLQPRTFLL,CASSDANTGELFF,1
YLQPRTFLL,CAGADSNTGELFF,1
YLQPRTFLL,CASSQDIEQYF,1
YLQPRTFLL,CASYSGRALTEAFF,1
YLQPRTFLL,CASSDSLDGYTF,1
RLQSLQTYV,CASSLGTGHQPQHF,1
YLQPRTFLL,CSARDRLAQNTGELFF,1
YLQPRTFLL,CAVGEANTGELFF,1
RLQSLQTYV,CATTERDQETQYF,1
YLQPRTFLL,CASSTPRKEWGRAEAFF,1
YLQPRTFLL,CASSFQNTGELFF,1
YLQPRTFLL,CAAGVENTGELFF,1
YLQPRTFLL,CAEGELNTGELFF,1
YLQPRTFLL,CATSNLNTGELFF,1
YLQPRTFLL,CASIANRNTGELFF,1
YLQPRTFLL,CASSLALANEQFF,1
RLQSLQTYV,CASTEGTGWTEAFF,1
YLQPRTFLL,CAIRTSGMLNTGELFF,1
YLQPRTFLL,CASSADVEAFF,1
YLQPRTFLL,CASSQLAGGNTGELFF,1
YLQPRTFLL,CAGDYLNTGELFF,1
YLQPRTFLL,CAASEMNTGELFF,1
YLQPRTFLL,CAAAERNTGELFF,1
YLQPRTFLL,CASSVDIEAFF,1
RLQSLQTYV,CAWSVGAGMKYGYTF,1
YLQPRTFLL,CASSLDIEAFF,1
YLQPRTFLL,CARGLADTGELFF,1
RLQSLQTYV,CSVEGDSYEQYF,1
RLQSLQTYV,CASSQDLQGTNEKLFF,1
YLQPRTFLL,CASNDLNTGELFF,1
RLQSLQTYV,CASSQGQGNIQYF,1
YLQPRTFLL,CSARGELAVNTGELFF,1
YLQPRTFLL,CASSLLAPSTDTQYF,0
YLQPRTFLL,CASSHLPGQGQENIQYF,0
YLQPRTFLL,CASSVIGGPMNTEAFF,0
YLQPRTFLL,ASSPWAVGAMNTEAF,0
YLQPRTFLL,CASSLSRGTTEAFF,0
YLQPRTFLL,SGGALGQDFGGYTFG,0
RLQSLQTYV,CASTGQGGLNEQFF,0
RLQSLQTYV,CASSELRGRSYSNQPQHF,0
YLQPRTFLL,CASSQGQGMVYEQYF,0
YLQPRTFLL,CASSTGLDEDEQFF,0
YLQPRTFLL,CSARDPGGRETQYF,0
YLQPRTFLL,CASSFTSGTTDTQYF,0
YLQPRTFLL,ASSYSRQWNTEAF,0
YLQPRTFLL,CASSDLANEQFF,0
YLQPRTFLL,CSARDRTSGRAGADTQYF,0
YLQPRTFLL,CASSWLGDYEQYF,0
YLQPRTFLL,CASSSLGAALLNYGYTF,0
YLQPRTFLL,CASKDSTYEQYF,0
YLQPRTFLL,CASTKKAPGELFF,0
YLQPRTFLL,CASSPTGGDQNTLYF,0
YLQPRTFLL,CASSLVGLANEQFF,0
YLQPRTFLL,CASSAQYLGGNNEQFF,0
YLQPRTFLL,CATSRAPGYEQYF,0
RLQSLQTYV,CASSILWGSGGETQYF,0
YLQPRTFLL,CASSALSGRAIDEQYF,0
YLQPRTFLL,CASIPAGGPGDTQYF,0
YLQPRTFLL,CASSASPRGPTIYNEQFF,0
YLQPRTFLL,CATRPLAGFETQYF,0
YLQPRTFLL,CASSQDPRVTNEKLFF,0
YLQPRTFLL,CASSKVALIYPSPTYEQYV,0
YLQPRTFLL,CASSVGGTALTEAFF,0
YLQPRTFLL,CASSQSGGQRDEQFF,0
YLQPRTFLL,CASSGDEQFF,0
YLQPRTFLL,CATLFGGPYNEQFF,0
YLQPRTFLL,CASSPTSGGYEQYF,0
YLQPRTFLL,CASSPHAEYEQYF,0
YLQPRTFLL,CASSSSEDAPGLATDTQYF,0
YLQPRTFLL,CSARDGGTGFQPQHF,0
YLQPRTFLL,CASSLDFQISYEQYF,0
YLQPRTFLL,YSARGTTFYEQYF,0
YLQPRTFLL,ASSGASSYDQY,0
YLQPRTFLL,CASSAGTGWNEQFF,0
YLQPRTFLL,CASSYAGGLSNYGYTF,0
YLQPRTFLL,CASSSRQGEAGTYEQYF,0
YLQPRTFLL,ASSNYNEQFF,0
YLQPRTFLL,CSVGVTANTEAFF,0
YLQPRTFLL,CASSIGTGANQPQHF,0
YLQPRTFLL,CASSHLPGALYEQYF,0
RLQSLQTYV,CASRSLAEKGETQYF,0
YLQPRTFLL,ASTRSADTQY,0
YLQPRTFLL,CASSTGPVRYGAYTQYF,0
YLQPRTFLL,CSAFYQDTQYF,0
YLQPRTFLL,CASSYRQGAPGANVLTF,0
YLQPRTFLL,CSAREEAGAYNEQFF,0
YLQPRTFLL,CASSLSAGKYEQYF,0
YLQPRTFLL,CASSRGRARDTQYF,0
YLQPRTFLL,CASSQGSGLAGYEQYF,0
YLQPRTFLL,CASSLEWGPGAGETQYF,0
YLQPRTFLL,CASSSGPNQPQHF,0
YLQPRTFLL,CASSQDTTGRPWYGQYF,0
YLQPRTFLL,CASSPGTLSAGELFF,0
YLQPRTFLL,CASSPGGQKLFF,0
YLQPRTFLL,ASSPTGDQPQH,0
YLQPRTFLL,CCVGGSGSGTGAYSYNEQFF,0
YLQPRTFLL,CSATDRATNTGELFF,0
YLQPRTFLL,CASWDSANEQFF,0
YLQPRTFLL,CASSSRGITDTQYF,0
YLQPRTFLL,CASSYSDRAKGTGELFF,0
YLQPRTFLL,CSAPLAGGNNEQFF,0
YLQPRTFLL,CASSPHAEYEQYF,0
YLQPRTFLL,CSASASSYNEQFF,0
YLQPRTFLL,CASGTIREKLFF,0
YLQPRTFLL,CASSQPSTGNGYTF,0
YLQPRTFLL,CASSYGDRFSNYGYTF,0
YLQPRTFLL,CASSLSLWRGARNEQFF,0
YLQPRTFLL,CASSYGLLNEQFF,0
YLQPRTFLL,CASGLGLNTEAFF,0
YLQPRTFLL,CASGRGEQPQHF,0
YLQPRTFLL,CASGFTDAGATNYGYTF,0
YLQPRTFLL,CASGLNSGTSDYNEQFF,0
YLQPRTFLL,CASSPIVQVEGYTF,0
YLQPRTFLL,CASSQRPSEVGELFF,0
YLQPRTFLL,CASSLANRGTDTQYF,0
YLQPRTFLL,CASSFGGSNEQFF,0
YLQPRTFLL,CASSLGGGLAGSGEQYF,0
YLQPRTFLL,CASSQFGTGVGETQYF,0
RLQSLQTYV,CTCSGLDSAETLYF,0
RLQSLQTYV,CASSPDRGLYGYTF,0
YLQPRTFLL,CASSLRTNSDTQYF,0
YLQPRTFLL,CASSQVVGGGELFF,0
RLQSLQTYV,CASSQDLTQKTEINEKLFF,0
YLQPRTFLL,CASSQEPGGTSGIDEQFF,0
YLQPRTFLL,CASSSNTDTQYF,0
YLQPRTFLL,CASSPPMDSPGGTGELFF,0
YLQPRTFLL,CASSLVARGPGAGTDTQYF,0
YLQPRTFLL,CASSRTGGYSPLHF,0
YLQPRTFLL,CASSALTGAGETQYF,0
YLQPRTFLL,CASSYGGNQPQHF,0
YLQPRTFLL,CASSSRSGVDEQFF,0
YLQPRTFLL,CASSQGSGAYEQYF,0
YLQPRTFLL,CASILFSASYEQYF,0
YLQPRTFLL,CASSVPTGDIEAFF,0
YLQPRTFLL,CATSPRQGRGDTQYF,0
YLQPRTFLL,SARLAGRPADTQY,0
YLQPRTFLL,CASTSGNYEQYF,0
YLQPRTFLL,CASSFEGGRNEQYF,0
YLQPRTFLL,CASRDIEPQGYRETQYF,0
YLQPRTFLL,CASSSGLAGTDTQYF,0
YLQPRTFLL,CASSRDSPLGEQFF,0
YLQPRTFLL,SARPTTSYEQYF,0
YLQPRTFLL,CASSFGVYTGELFF,0
RLQSLQTYV,CASSLNLAGSANEQFF,0
YLQPRTFLL,ASRGLAVPTGEQF,0
YLQPRTFLL,CASSQEGGTSTDTQYF,0
YLQPRTFLL,CASSRGLGLAAEQFF,0
YLQPRTFLL,CASSPLRVAEPQETQYF,0
YLQPRTFLL,CASGLELNTEAFF,0
YLQPRTFLL,CASATSLNEQFF,0
RLQSLQTYV,CASSDGDREIPEAFF,0
YLQPRTFLL,CASSLTGAPTGNSNQPQHF,0
YLQPRTFLL,CASSEGSNQETQYF,0
YLQPRTFLL,CASSFDQGGNIQYF,0
YLQPRTFLL,CASTLAGLASSYEQYF,0
YLQPRTFLL,CASSLSIGTGSYEQYF,0
YLQPRTFLL,CASSKHSGGTDTQYF,0
YLQPRTFLL,CASSPTDREPIHEQYF,0
YLQPRTFLL,CASSLGGVAYEQYF,0
YLQPRTFLL,CASSVVATGGRGTDTQYF,0
RLQSLQTYV,CASSSGQWSSYEQYF,0
YLQPRTFLL,CASSTPGQGPNYGYTF,0
YLQPRTFLL,CASSQEWSSYEQYF,0
RLQSLQTYV,CASSLGESGRAHEQFF,0
YLQPRTFLL,CASSLESKPYEQYF,0
YLQPRTFLL,CASSYRDYFYEQYF,0
YLQPRTFLL,CASSLDGGSYEQYF,0
YLQPRTFLL,CSARVFYTFFGGFKSAEAFF,0
YLQPRTFLL,CASSATSGSTDTQYF,0
YLQPRTFLL,CSANPTGVDYEQYF,0
YLQPRTFLL,CASSLGSYNEQFF,0
YLQPRTFLL,CASAGGNQPQHF,0
YLQPRTFLL,CAWSVGGGEAFF,0
YLQPRTFLL,CASSFGQGANTEAFF,0
YLQPRTFLL,CASSGADSNSPLHF,0
YLQPRTFLL,ASSQENEQY,0
YLQPRTFLL,CASSLGPRYEQYF,0
YLQPRTFLL,CASSHRDSQETQYF,0
YLQPRTFLL,CASSLATPLNTEAFF,0
YLQPRTFLL,CASSLAPSGVDEQFF,0
YLQPRTFLL,CASREDGASGSPDTQYF,0
RLQSLQTYV,CASEEANTGELFF,0
YLQPRTFLL,CASSLVGLSSYNEQFF,0
YLQPRTFLL,CSVKTGLDYNEQFF,0
RLQSLQTYV,CATSDLKTGGNEQSF,0
YLQPRTFLL,CASSFFGQDAYEQYF,0
YLQPRTFLL,CASSGPGESRNTIYF,0
YLQPRTFLL,CASSQASGRLNTEAFF,0
YLQPRTFLL,CASSPAEGEAFF,0
YLQPRTFLL,CASSLLGPLAGGKDDTQYF,0
YLQPRTFLL,CASAGQITYEQYF,0
YLQPRTFLL,CASSQDFGNEQFF,0
YLQPRTFLL,CATSDLALVSSYNSPLHF,0
YLQPRTFLL,CASSLMGNPTDTQYF,0
YLQPRTFLL,CASSSGQGNIQYF,0
RLQSLQTYV,ASSVRGGSANYGYT,0
YLQPRTFLL,CASSSTHSTDTQYF,0
YLQPRTFLL,CASSYSKYEQYF,0
YLQPRTFLL,CASSIGLGEAYEQYF,0
YLQPRTFLL,CASSNDYEQYF,0
YLQPRTFLL,CASSLAGRGRESTGELFF,0
RLQSLQTYV,SAKGRAKNIQY,0
YLQPRTFLL,CASSAWTGMNTEAFF,0
YLQPRTFLL,CASSIAVGMPIGYTF,0
YLQPRTFLL,ASSLAFRQRETDTQY,0
YLQPRTFLL,AGSEVGATNYGYT,0
YLQPRTFLL,CASSLTASSTDTQYF,0
YLQPRTFLL,CASSSRLAGSTDTQYF,0
YLQPRTFLL,CASSFLNTGELFF,0
YLQPRTFLL,CASSSQGARNQPQHF,0
RLQSLQTYV,CASSLIYRGGDGYTF,0
YLQPRTFLL,CASSLGPGGDEQYF,0
YLQPRTFLL,CASSSLAGGGYNEQFF,0
YLQPRTFLL,CASHSGEVNNEQFF,0
RLQSLQTYV,CASSPPFDNEQFF,0
YLQPRTFLL,CASSSEAASRGTQYF,0
YLQPRTFLL,CASSLQAEAFF,0
YLQPRTFLL,CASSPAGQLNQPQHF,0
YLQPRTFLL,CSSRDYNEQFF,0
YLQPRTFLL,CAWSATGDYGYTF,0
YLQPRTFLL,CASRPWGETGELFF,0
YLQPRTFLL,CASSQDESRAFYGYTF,0
YLQPRTFLL,CASAGPEAFF,0
YLQPRTFLL,CASSQELADTEAFF,0
YLQPRTFLL,CASSLSSSYEQYF,0
YLQPRTFLL,CATWDRGLETQYF,0
YLQPRTFLL,CAWSSEDLTDTQYF,0
YLQPRTFLL,CASQTWGAQGEKLFF,0
YLQPRTFLL,CSPGVVTEAFF,0
YLQPRTFLL,CASSVGDETQYF,0
YLQPRTFLL,CASSDSPLVGGTEAFF,0
YLQPRTFLL,ASSVMDRVVPYEQY,0
YLQPRTFLL,CASSLLAGVEETQYF,0
YLQPRTFLL,CASSPPGRAREQYF,0
YLQPRTFLL,CASSLEGITYEQYF,0
YLQPRTFLL,CASSQDSGGQGLFYGYTF,0
YLQPRTFLL,CASSSPLLSSDTQYF,0
YLQPRTFLL,CASSPGTATNEKLFF,0
YLQPRTFLL,CSVLNLRNTGELFF,0
YLQPRTFLL,CASTDGTSQDTQYF,0
YLQPRTFLL,CASSHTGVSTDTQYF,0
YLQPRTFLL,CSVEKAGDLPIYGYTF,0
RLQSLQTYV,CASSQERDRELRYGYTF,0
YLQPRTFLL,CASSLGGGHSYEQYF,0
YLQPRTFLL,CASSYSLGKEAGYTF,0
YLQPRTFLL,CSASDVPGNSIYF,0
RLQSLQTYV,CASSQERGSAETLYF,0
YLQPRTFLL,CASSEESHEQYF,0
YLQPRTFLL,CASSLEMGTEAFF,0
YLQPRTFLL,CAGRGTMNTEAFF,0
YLQPRTFLL,CASSDVNTGELFF,0
YLQPRTFLL,CASSFDWNNEQFF,0
YLQPRTFLL,CASSFPTEGMNNEQFF,0
YLQPRTFLL,CASSSRSHQPQHF,0
YLQPRTFLL,CATSMGDRGQTWDTEAFF,0
YLQPRTFLL,CASSIGLGGIYEQYF,0
YLQPRTFLL,CASGVLREAFF,0
YLQPRTFLL,CSGGGHANTEAFF,0
YLQPRTFLL,CASSYSSGEQFF,0
YLQPRTFLL,CASSQGQGEINTGELFF,0
YLQPRTFLL,ASSIGRTYEQY,0
YLQPRTFLL,CASTLGSGSSYEQYF,0
YLQPRTFLL,CASSLEPPGRGFAGYTF,0
YLQPRTFLL,CASSPSRSGADTQYF,0
YLQPRTFLL,CATSRDGSGGASGELFF,0
YLQPRTFLL,CSVGSGGTNELFF,0
YLQPRTFLL,CASSLAPSGRPEAFF,0
YLQPRTFLL,CSARDPRVSYEQYF,0
YLQPRTFLL,CASSLDPRGSSYNSPLHF,0
YLQPRTFLL,CASSYSGGNEQFF,0
YLQPRTFLL,CASSLAWPGQETQYF,0
YLQPRTFLL,CATAGQGITEAFF,0
YLQPRTFLL,CASSLSGGINEQYF,0
YLQPRTFLL,CATRTPSTDTQYF,0
YLQPRTFLL,ASSLPGTFLGGCGNQPQH,0
YLQPRTFLL,CASSFFSGGFEQYF,0
YLQPRTFLL,CASSQEFGQSNQPQHF,0
YLQPRTFLL,CASTPNDRVSGNTIYF,0
YLQPRTFLL,CASSLGFSSGTNSYEQYF,0
YLQPRTFLL,CASSVAGGGTDTQYF,0
RLQSLQTYV,CASSANQGTGIRGYTF,0
YLQPRTFLL,CASSQDRTQGFGGTEAFF,0
YLQPRTFLL,CASRDNNQDTQYF,0
YLQPRTFLL,CASSVGVAGFNEKLFF,0
YLQPRTFLL,CASSLEADNNEQFF,0
RLQSLQTYV,CSAADTGLGQPQHF,0
YLQPRTFLL,CSVRAGTTYEQYF,0
YLQPRTFLL,CCVAGTGSFYEQYF,0
YLQPRTFLL,CASSTGTATEAFF,0
YLQPRTFLL,CSAHSDGGRDIQETQYF,0
YLQPRTFLL,CASSQGQRSSYEQYF,0
YLQPRTFLL,CASREGVPQETQYF,0
RLQSLQTYV,CASSQNYNEQFF,0
YLQPRTFLL,CASSVIPGQGSYGYTF,0
YLQPRTFLL,CASRVAGGLLHEQYF,0
YLQPRTFLL,CSARDPLGQGMWYEQYF,0
YLQPRTFLL,CASSIAPGNEQYF,0
YLQPRTFLL,CASSLDRGYYEQFF,0
YLQPRTFLL,CASSLASSADTQYF,0
YLQPRTFLL,CASSQDELAGEQYF,0
YLQPRTFLL,CASSIGTSGSSEQFF,0
YLQPRTFLL,CAAGTSGGASEQFF,0
YLQPRTFLL,CASSFDVAGGQIGELFFG,0
YLQPRTFLL,AALGGPNTQY,0
YLQPRTFLL,CASSGDREYINQPQHF,0
RLQSLQTYV,CASSLLTGRGEAAQYF,0
YLQPRTFLL,CASSLAGNNGYTF,0
RLQSLQTYV,CASSGGQLTDTQYF,0
YLQPRTFLL,SGGLAGGPDPYNEQF,0
YLQPRTFLL,CASSSAGQGSFMNTEAFF,0
YLQPRTFLL,CASSQEGGLAGAYEQYF,0
YLQPRTFLL,CATSRDSGHPDRQYF,0
YLQPRTFLL,ASSGRASNEQF,0
YLQPRTFLL,CASSLYRGGDTQYF,0
YLQPRTFLL,CASSARDRGIGGYTF,0
YLQPRTFLL,CASSQDRDSSYEQYF,0
YLQPRTFLL,CASSSRAAYEQYF,0
YLQPRTFLL,CASSLAHPRFIAASGNTIYF,0
YLQPRTFLL,CASSLFTGRNQPQHF,0
YLQPRTFLL,CASSEWGKQNEQFF,0
YLQPRTFLL,CASSHEGVGQGVHYGYTF,0
YLQPRTFLL,CASSHPGDRGHEDTQYF,0
YLQPRTFLL,WASSPTSVETQYF,0
YLQPRTFLL,CASSLTSGSSYNEQFF,0
RLQSLQTYV,CASRLSPGHPTPETQYF,0
YLQPRTFLL,CASSQVPRDYNEQYF,0
YLQPRTFLL,CASSLGTGHSYEQYF,0
YLQPRTFLL,CASSLTGGYEQYF,0
YLQPRTFLL,CASSRDPPWEQFF,0
YLQPRTFLL,CASSEVDPWSTEAFF,0
YLQPRTFLL,CASNLDGDNEQFF,0
YLQPRTFLL,CASTLAGKETQYF,0
YLQPRTFLL,CSATRLAGERNEQFF,0
YLQPRTFLL,CASTSDRRENIQYFG,0
YLQPRTFLL,CASSKGLAGVHEQYF,0
YLQPRTFLL,CASSSAGTGNTGELFF,0
YLQPRTFLL,CASTKSSGAYNEQFF,0
YLQPRTFLL,CASSIVSGSGEQYF,0
YLQPRTFLL,CASSFFGTGDEQFF,0
YLQPRTFLL,CASSLTAGRWGTDTQYF,0
YLQPRTFLL,CASSLGQGIFYEQYF,0
YLQPRTFLL,ATSKSYSGDTQY,0
YLQPRTFLL,ATSSSWDLNQPRH,0
YLQPRTFLL,CSARGGFLSPLHF,0
YLQPRTFLL,CASSDYRDRPSYNEQFF,0
RLQSLQTYV,CASSNPGRMNTEAFF,0
YLQPRTFLL,CASSTAGGFGELFF,0
YLQPRTFLL,ASSPPLGVDGYT,0
YLQPRTFLL,CASSLSRGAYEQYF,0
YLQPRTFLL,CSARSGTSDEQFF,0
RLQSLQTYV,CASSLAIGELFF,0
YLQPRTFLL,CSAPTGVSYNEQFF,0
YLQPRTFLL,CASSLPRRGGSYNEQFF,0
YLQPRTFLL,SAKGRAKNIQY,0
YLQPRTFLL,CASTNPPGPLNTGELFF,0
YLQPRTFLL,CSARGQEFYEQYS,0
YLQPRTFLL,CASSFLAGGYNEQFF,0
YLQPRTFLL,CASSPYRVADTQYF,0
YLQPRTFLL,CASSAGDGNYGYTF,0
YLQPRTFLL,CASSLIGQPQHF,0
YLQPRTFLL,CASSAQMEQSF,0
RLQSLQTYV,SVDGSLAGRSYEQY,0
YLQPRTFLL,CSATRRDRILTGYNSPLHF,0
YLQPRTFLL,SVEGGWGTGELF,0
